region,value
1001,54590
1003,183226
1005,27469
1007,22769
1009,57466
1011,10779
1013,20730
1015,117834
1017,34228
1019,25917
1021,43611
1023,13838
1025,25768
1027,13828
1029,14905
1031,49966
1033,54451
1035,13188
1037,11305
1039,37803
1041,13971
1043,80403
1045,50129
1047,43572
1049,70949
1051,79330
1053,38122
1055,104317
1057,17219
1059,31664
1061,26769
1063,9067
1065,15750
1067,17275
1069,101459
1071,53279
1073,658464
1075,14513
1077,92528
1079,34148
1081,140938
1083,83313
1085,11304
1087,21214
1089,334661
1091,20909
1093,30641
1095,93070
1097,412297
1099,22993
1101,229376
1103,119330
1105,10525
1107,19646
1109,32750
1111,22843
1113,53938
1115,83530
1117,195237
1119,13669
1121,82194
1123,41534
1125,194254
1127,67016
1129,17407
1131,11706
1133,24432
2013,3114
2016,5507
2020,291470
2050,17184
2060,929
2068,1917
2070,4887
2090,97523
2100,2500
2105,2153
2110,31636
2122,55474
2130,13525
2150,13710
2164,1551
2170,89319
2180,9580
2185,9317
2188,7601
2195,3822
2198,5603
2220,8909
2230,1050
2240,7039
2261,9614
2270,7556
2275,2368
2282,644
2290,5637
4001,71618
4003,131118
4005,134011
4007,53436
4009,37115
4011,8592
4012,20460
4013,3841819
4015,201216
4017,107415
4019,981048
4021,368374
4023,47057
4025,211280
4027,196420
5001,19029
5003,21811
5005,41387
5007,222028
5009,37032
5011,11510
5013,5373
5015,27321
5017,11759
5019,23050
5021,15981
5023,25849
5025,8685
5027,24644
5029,21203
5031,96709
5033,61670
5035,50618
5037,17891
5039,8122
5041,12922
5043,18615
5045,113730
5047,18110
5049,12301
5051,96249
5053,17852
5055,42224
5057,22548
5059,33011
5061,13790
5063,36572
5065,13614
5067,17885
5069,76836
5071,25554
5073,7618
5075,17314
5077,10430
5079,14167
5081,13068
5083,22352
5085,68274
5087,15674
5089,16712
5091,43449
5093,46388
5095,8145
5097,9453
5099,9003
5101,8286
5103,25894
5105,10413
5107,21646
5109,11261
5111,24506
5113,20535
5115,61853
5117,8659
5119,383185
5121,17992
5123,28089
5125,107498
5127,11170
5129,8146
5131,125795
5133,16978
5135,17278
5137,12480
5139,41594
5141,17223
5143,204057
5145,77007
5147,7262
5149,22033
6001,1515136
6003,1197
6005,37764
6007,220101
6009,45507
6011,21329
6013,1052047
6015,28496
6017,180441
6019,930517
6021,28078
6023,134317
6025,173487
6027,18474
6029,839153
6031,151982
6033,64360
6035,34628
6037,9840024
6039,150615
6041,252759
6043,18193
6045,87577
6047,256398
6049,9545
6051,14181
6053,416199
6055,136644
6057,98521
6059,3021840
6061,350074
6063,19926
6065,2192982
6067,1422348
6069,55467
6071,2041029
6073,3100500
6075,807755
6077,687036
6079,270121
6081,721183
6083,423594
6085,1788393
6087,262340
6089,177693
6091,3163
6093,44673
6095,414209
6097,483456
6099,515115
6101,94615
6103,63200
6105,13693
6107,441877
6109,55205
6111,822794
6113,200873
6115,72244
8001,442996
8003,15750
8005,574357
8007,12109
8009,3783
8011,6192
8013,297218
8014,55913
8015,17879
8017,2095
8019,9059
8021,8241
8023,3556
8025,5747
8027,4208
8029,30710
8031,604356
8033,1806
8035,286883
8037,51850
8039,23058
8041,622816
8043,47006
8045,56330
8047,5358
8049,14608
8051,15385
8053,790
8055,6730
8057,1397
8059,536095
8061,1393
8063,8210
8065,7372
8067,51443
8069,300870
8071,15385
8073,5443
8075,22541
8077,146562
8079,702
8081,13547
8083,25424
8085,40994
8087,28200
8089,18791
8091,4445
8093,16168
8095,4380
8097,17000
8099,12539
8101,159072
8103,6728
8105,11925
8107,23385
8109,6189
8111,747
8113,7432
8115,2389
8117,27753
8119,23163
8121,4796
8123,253552
8125,10032
9001,918892
9003,893504
9005,189277
9007,165639
9009,860995
9011,273723
9013,152137
9015,118046
10001,162785
10003,539665
10005,197681
11001,605759
12001,247973
12003,27010
12005,168957
12007,28404
12009,544019
12011,1761993
12013,14639
12015,160380
12017,140805
12019,190891
12021,323548
12023,67546
12027,34628
12029,16301
12031,866431
12033,298864
12035,95987
12037,11545
12039,46823
12041,16880
12043,12952
12045,15796
12047,14728
12049,27347
12051,38669
12053,172784
12055,98734
12057,1238365
12059,19971
12061,138203
12063,49589
12065,14564
12067,8668
12069,297995
12071,624155
12073,276506
12075,40541
12077,8300
12079,19187
12081,324834
12083,331987
12085,146497
12086,2512219
12087,73475
12089,73303
12091,183400
12093,39779
12095,1153795
12097,272355
12099,1324085
12101,465276
12103,917389
12105,604562
12107,74224
12109,191495
12111,278246
12113,153086
12115,380479
12117,423389
12119,94240
12121,42287
12123,22561
12125,15400
12127,495581
12129,30449
12131,55349
12133,24732
13001,18279
13003,8355
13005,11124
13007,3483
13009,46378
13011,18250
13013,69136
13015,99872
13017,17612
13019,19131
13021,155560
13023,13009
13025,18279
13027,16066
13029,30616
13031,70360
13033,23242
13035,23671
13037,6581
13039,50435
13043,11007
13045,110750
13047,64226
13049,12954
13051,266344
13053,11917
13055,25905
13057,215014
13059,117762
13061,3174
13063,262066
13065,6800
13067,691820
13069,42566
13071,45531
13073,124665
13075,17073
13077,127212
13079,12701
13081,23460
13083,16598
13085,22246
13087,27815
13089,694671
13091,21509
13093,14528
13095,94591
13097,132124
13099,10928
13101,4024
13103,52203
13105,20103
13107,22600
13109,10935
13111,23554
13113,106525
13115,96204
13117,177103
13119,22070
13121,929535
13123,28232
13125,3082
13127,79628
13129,55192
13131,25068
13133,15988
13135,810624
13137,43038
13139,180831
13141,9422
13143,28627
13145,31870
13147,25277
13149,11756
13151,203185
13153,140699
13155,9646
13157,60268
13159,13786
13161,14972
13163,16817
13165,8477
13167,9981
13169,28638
13171,18151
13173,10066
13175,48264
13177,28449
13179,64663
13181,7962
13183,14488
13185,109730
13187,30040
13189,21762
13191,14119
13193,14552
13195,27988
13197,8615
13199,21966
13201,6094
13205,23510
13207,26376
13209,9054
13211,17919
13213,39635
13215,191278
13217,100047
13219,32814
13221,14745
13223,141846
13225,27531
13227,29445
13229,18631
13231,17765
13233,41350
13235,11801
13237,21184
13239,2542
13241,16297
13243,7596
13245,200337
13247,85008
13249,4963
13251,14574
13253,8815
13255,63979
13257,26003
13259,5991
13261,32425
13263,6772
13265,1674
13267,25023
13269,8700
13271,16312
13273,9365
13275,44715
13277,40430
13279,27270
13281,10491
13283,6851
13285,67146
13287,8834
13289,8984
13291,21344
13293,27061
13295,68463
13297,83771
13299,36099
13301,5788
13303,21092
13305,30157
13307,2773
13309,7572
13311,27141
13313,102152
13315,9142
13317,10398
13319,9577
13321,21746
15001,185399
15003,955215
15005,66
15007,67113
15009,154937
16001,394961
16003,3976
16005,82584
16007,5977
16009,9247
16011,45312
16013,21323
16015,7014
16017,40806
16019,104177
16021,10857
16023,2828
16025,1276
16027,189396
16029,6872
16031,22813
16033,780
16035,8679
16037,4338
16039,26655
16041,12739
16043,13123
16045,16768
16047,15327
16049,16215
16051,25940
16053,22140
16055,139083
16057,37365
16059,7892
16061,3818
16063,5167
16065,37311
16067,19909
16069,39226
16071,4236
16073,11479
16075,22614
16077,7717
16079,12797
16081,10007
16083,77122
16085,9793
16087,10144
17001,67098
17003,8147
17005,17762
17007,54141
17009,6913
17011,34798
17013,5065
17015,15338
17017,13570
17019,200931
17021,34805
17023,16353
17025,13828
17027,37793
17029,53683
17031,5197677
17033,19777
17035,11044
17037,104820
17039,16562
17041,19908
17043,918608
17045,18513
17047,6691
17049,34258
17051,22082
17053,14045
17055,39518
17057,36989
17059,5592
17061,13828
17063,49870
17065,8430
17067,19063
17069,4315
17071,7275
17073,50378
17075,29689
17077,59992
17079,9707
17081,38908
17083,22939
17085,22663
17087,12653
17089,514891
17091,113170
17093,114226
17095,52698
17097,701282
17099,113688
17101,16778
17103,35778
17105,38903
17107,30278
17109,32568
17111,308163
17113,169689
17115,110558
17117,47712
17119,268586
17121,39319
17123,12567
17125,14636
17127,15370
17129,12728
17131,16421
17133,33003
17135,29977
17137,35544
17139,14844
17141,53378
17143,186399
17145,22287
17147,16679
17149,16436
17151,4399
17153,6107
17155,5968
17157,33353
17159,16181
17161,147504
17163,268873
17165,24975
17167,197474
17169,7499
17171,5322
17173,22316
17175,5983
17177,47532
17179,135201
17181,17799
17183,81463
17185,11935
17187,17723
17189,14692
17191,16727
17193,14686
17195,58400
17197,677669
17199,66335
17201,294433
17203,38736
18001,34343
18003,355940
18005,77297
18007,8816
18009,12742
18011,56823
18013,15181
18015,20105
18017,38875
18019,110100
18021,26908
18023,33179
18025,10702
18027,31604
18029,49904
18031,25772
18033,42218
18035,117459
18037,41995
18039,198214
18041,24220
18043,74601
18045,17212
18047,23108
18049,20762
18051,33437
18053,69886
18055,33032
18057,276098
18059,69778
18061,39102
18063,145880
18065,49381
18067,82914
18069,37144
18071,42414
18073,33369
18075,21353
18077,32501
18079,28373
18081,140033
18083,38392
18085,77328
18087,37284
18089,495230
18091,111335
18093,46131
18095,131244
18097,904535
18099,47045
18101,10300
18103,36850
18105,138048
18107,38207
18109,69033
18111,14199
18113,47547
18115,6093
18117,19828
18119,21583
18121,17251
18123,19408
18125,12849
18127,164386
18129,25840
18131,13395
18133,37995
18135,26101
18137,28702
18139,17349
18141,266785
18143,24044
18145,44435
18147,20948
18149,23310
18151,34116
18153,21379
18155,10509
18157,173317
18159,15917
18161,7449
18163,179610
18165,16224
18167,107805
18169,32804
18171,8490
18173,59643
18175,28162
18177,68797
18179,27677
18181,24612
18183,33234
19001,7628
19003,4027
19005,14285
19007,12858
19009,6077
19011,26044
19013,130843
19015,26324
19017,24294
19019,20988
19021,20215
19023,14899
19025,9936
19027,20751
19029,13865
19031,18446
19033,44083
19035,12011
19037,12409
19039,9286
19041,16649
19043,18056
19045,49074
19047,17100
19049,66997
19051,8718
19053,8382
19055,17721
19057,40268
19059,16778
19061,93776
19063,10263
19065,20894
19067,16204
19069,10650
19071,7373
19073,9304
19075,12431
19077,10915
19079,15614
19081,11320
19083,17479
19085,14838
19087,20242
19089,9568
19091,9818
19093,7113
19095,16320
19097,19807
19099,36823
19101,16791
19103,131627
19105,20686
19107,10480
19109,15510
19111,35741
19113,211954
19115,11448
19117,8913
19119,11623
19121,15630
19123,22432
19125,33388
19127,40568
19129,15028
19131,10761
19133,9242
19135,7979
19137,10710
19139,42729
19141,14302
19143,6413
19145,15902
19147,9402
19149,24911
19151,7307
19153,431811
19155,92793
19157,18888
19159,5123
19161,10307
19163,165432
19165,12158
19167,33776
19169,89734
19171,17746
19173,6292
19175,12525
19177,7565
19179,35449
19181,46239
19183,21765
19185,6372
19187,37895
19189,10800
19191,21033
19193,101948
19195,7581
19197,13173
20001,13364
20003,8066
20005,16854
20007,4867
20009,27556
20011,15060
20013,9962
20015,65647
20017,2788
20019,3654
20021,21521
20023,2724
20025,2198
20027,8547
20029,9479
20031,8553
20033,1893
20035,36259
20037,39133
20039,2939
20041,19766
20043,7931
20045,111073
20047,3021
20049,2856
20051,28525
20053,6477
20055,36608
20057,33725
20059,25916
20061,34110
20063,2771
20065,2617
20067,7817
20069,5982
20071,1234
20073,6654
20075,2656
20077,5998
20079,34572
20081,4222
20083,1949
20085,13401
20087,19036
20089,3085
20091,546046
20093,3952
20095,7876
20097,2503
20099,21574
20101,1666
20103,76286
20105,3240
20107,9613
20109,2766
20111,34103
20113,29208
20115,12565
20117,10083
20119,4504
20121,32546
20123,6359
20125,35167
20127,5917
20129,3207
20131,10170
20133,16501
20135,3102
20137,5658
20139,16300
20141,3852
20143,6099
20145,6945
20147,5579
20149,21620
20151,9670
20153,2555
20155,64346
20157,4965
20159,10077
20161,71927
20163,5205
20165,3262
20167,6926
20169,55493
20171,4872
20173,497062
20175,23013
20177,177688
20179,2562
20181,6036
20183,3835
20185,4398
20187,2200
20189,5633
20191,24000
20193,7854
20195,2977
20197,7048
20199,1508
20201,5806
20203,2239
20205,9368
20207,3311
20209,157274
21001,18651
21003,20007
21005,21442
21007,8268
21009,42229
21011,11665
21013,28613
21015,119406
21017,20004
21019,49358
21021,28445
21023,8488
21025,13922
21027,20068
21029,74431
21031,12748
21033,12977
21035,37198
21037,90119
21039,5081
21041,10851
21043,27594
21045,15984
21047,73722
21049,35555
21051,21833
21053,10244
21055,9321
21057,6857
21059,96711
21061,12141
21063,7774
21065,14647
21067,296766
21069,14415
21071,39454
21073,49399
21075,6758
21077,8513
21079,16892
21081,24683
21083,37200
21085,25772
21087,11309
21089,36922
21091,8588
21093,104513
21095,29210
21097,18781
21099,18278
21101,46254
21103,15428
21105,4869
21107,46891
21109,13475
21111,741285
21113,48591
21115,23339
21117,159926
21119,16368
21121,31874
21123,14175
21125,58891
21127,15889
21129,7831
21131,11318
21133,24336
21135,13889
21137,24671
21139,9479
21141,26786
21143,8336
21145,65558
21147,18204
21149,9554
21151,83174
21153,13229
21155,19872
21157,31393
21159,12934
21161,17495
21163,28979
21165,6331
21167,21283
21169,10074
21171,10925
21173,26517
21175,13898
21177,31399
21179,43500
21181,7092
21183,23975
21185,60357
21187,10870
21189,4764
21191,14771
21193,28617
21195,64887
21197,12638
21199,63045
21201,2251
21203,17090
21205,23351
21207,17562
21209,47211
21211,42286
21213,17323
21215,17135
21217,24514
21219,12472
21221,14282
21223,8829
21225,14992
21227,113787
21229,11701
21231,20819
21233,13618
21235,35756
21237,7298
21239,24847
22001,61611
22003,25740
22005,107647
22007,23321
22009,41925
22011,35662
22013,14312
22015,117742
22017,254970
22019,192307
22021,10118
22023,6934
22025,10409
22027,17059
22029,20624
22031,26695
22033,439662
22035,7738
22037,20252
22039,33989
22041,20714
22043,22049
22045,73527
22047,33386
22049,16210
22051,432706
22053,31529
22055,221602
22057,96453
22059,14840
22061,46543
22063,128192
22065,12113
22067,27893
22069,39434
22071,341407
22073,153752
22075,23220
22077,22821
22079,131655
22081,9068
22083,20785
22085,24265
22087,35947
22089,52663
22091,11106
22093,21978
22095,45741
22097,83774
22099,52343
22101,54285
22103,234283
22105,121209
22107,5189
22109,111666
22111,22633
22113,58041
22115,51542
22117,47025
22119,41156
22121,23748
22123,11587
22125,15575
22127,15233
23001,107766
23003,71757
23005,282143
23007,30704
23009,54470
23011,122022
23013,39848
23015,34440
23017,57814
23019,153742
23021,17432
23023,35394
23025,52098
23027,38761
23029,32832
23031,197861
24001,74645
24003,538473
24005,807318
24009,88774
24011,32947
24013,167249
24015,101109
24017,147107
24019,32570
24021,234268
24023,30079
24025,245396
24027,288676
24029,20184
24031,974824
24033,865443
24035,47894
24037,105528
24039,26402
24041,37746
24043,147882
24045,98940
24047,51398
24510,620644
25001,216021
25003,130866
25005,548739
25007,16581
25009,744961
25011,71489
25013,464072
25015,158850
25017,1507558
25019,10194
25021,672078
25023,495407
25025,724502
25027,799277
26001,10943
26003,9531
26005,111589
26007,29602
26009,23634
26011,15952
26013,8808
26015,59249
26017,107633
26019,17554
26021,156759
26023,44920
26025,136063
26027,52412
26029,26057
26031,26195
26033,38919
26035,30924
26037,75274
26039,14119
26041,37075
26043,26286
26045,107861
26047,32799
26049,425337
26051,25736
26053,16297
26055,87483
26057,42340
26059,46617
26061,36519
26063,33001
26065,281323
26067,64149
26069,25880
26071,11837
26073,70186
26075,160257
26077,250704
26079,17231
26081,605244
26083,2168
26085,11543
26087,88626
26089,21677
26091,99878
26093,181678
26095,6590
26097,11144
26099,841769
26101,24753
26103,67178
26105,28672
26107,42947
26109,24041
26111,83744
26113,14945
26115,151944
26117,63357
26119,9709
26121,171755
26123,48517
26125,1207097
26127,26636
26129,21674
26131,6703
26133,23486
26135,8709
26137,24175
26139,264835
26141,13368
26143,24447
26145,200017
26147,162978
26149,61314
26151,43096
26153,8455
26155,70402
26157,55616
26159,76149
26161,346010
26163,1822469
26165,32694
27001,16166
27003,331649
27005,32600
27007,44652
27009,38560
27011,5250
27013,63991
27015,25772
27017,35304
27019,91355
27021,28519
27023,12327
27025,53526
27027,58937
27029,8672
27031,5206
27033,11665
27035,62521
27037,399443
27039,20071
27041,36167
27043,14546
27045,20880
27047,31188
27049,46144
27051,6016
27053,1158039
27055,19001
27057,20372
27059,38004
27061,45052
27063,10273
27065,16255
27067,42150
27069,4547
27071,13293
27073,7240
27075,10849
27077,4039
27079,27744
27081,5876
27083,25714
27085,36527
27087,5442
27089,9475
27091,20727
27093,23262
27095,26004
27097,33173
27099,39115
27101,8690
27103,32689
27105,21349
27107,6796
27109,144507
27111,57381
27113,13950
27115,29564
27117,9536
27119,31426
27121,10978
27123,510885
27125,4100
27127,16006
27129,15653
27131,64171
27133,9620
27135,15665
27137,200150
27139,130689
27141,88558
27143,15189
27145,150307
27147,36524
27149,9712
27151,9764
27153,24783
27155,3549
27157,21636
27159,13808
27161,19089
27163,238721
27165,11177
27167,6584
27169,51481
27171,124737
27173,10357
28001,32391
28003,37027
28005,13139
28007,19454
28009,8725
28011,34239
28013,14903
28015,10553
28017,17458
28019,8506
28021,9681
28023,16688
28025,20633
28027,26099
28029,29324
28031,19571
28033,161536
28035,75378
28037,8055
28039,22579
28041,14352
28043,21886
28045,44044
28047,188110
28049,246335
28051,19207
28053,9399
28055,1556
28057,23362
28059,139430
28061,17033
28063,7743
28065,12364
28067,67868
28069,10391
28071,47586
28073,55580
28075,80204
28077,12832
28079,23563
28081,83235
28083,32196
28085,34850
28087,59584
28089,95481
28091,26810
28093,37019
28095,36912
28097,10866
28099,29682
28101,21687
28103,11511
28105,47486
28107,34675
28109,55886
28111,12217
28113,40300
28115,29962
28117,25384
28119,8171
28121,142136
28123,28207
28125,4835
28127,27476
28129,16425
28131,17657
28133,29230
28135,15262
28137,28580
28139,22095
28141,19573
28143,10716
28145,27175
28147,15405
28149,48419
28151,51010
28153,20754
28155,10162
28157,9778
28159,19160
28161,12647
28163,28220
29001,25542
29003,17205
29005,5664
29007,25617
29009,35680
29011,12428
29013,17003
29015,19021
29017,12389
29019,163266
29021,89162
29023,42792
29025,9302
29027,44157
29029,43731
29031,75690
29033,9279
29035,6225
29037,99394
29039,13941
29041,7759
29043,77474
29045,7082
29047,222048
29049,20687
29051,75813
29053,17542
29055,24753
29057,7811
29059,16825
29061,8341
29063,12878
29065,15595
29067,13690
29069,31970
29071,101440
29073,15160
29075,6773
29077,275671
29079,10256
29081,8901
29083,22234
29085,9554
29087,4840
29089,10160
29091,40330
29093,10563
29095,672784
29097,116493
29099,218628
29101,52964
29103,4111
29105,35507
29107,33278
29109,38559
29111,10203
29113,52637
29115,12668
29117,15068
29119,22970
29121,15532
29123,12334
29125,9140
29127,28703
29129,3763
29131,24822
29133,14231
29135,15587
29137,8876
29139,12181
29141,20479
29143,18780
29145,58314
29147,23305
29149,10885
29151,13857
29153,9672
29155,18288
29157,18986
29159,42044
29161,44825
29163,18574
29165,89567
29167,31035
29169,51620
29171,4976
29173,10198
29175,25388
29177,23422
29179,6682
29181,14070
29183,360695
29185,9693
29186,18066
29187,65246
29189,999147
29195,23232
29197,4397
29199,4843
29201,39192
29203,8407
29205,6328
29207,29902
29209,31968
29211,6667
29213,51596
29215,25840
29217,20958
29219,32440
29221,25120
29223,13444
29225,36183
29227,2146
29229,18732
29510,318527
30001,9228
30003,12872
30005,6514
30007,5575
30009,10057
30011,1276
30013,81248
30015,5811
30017,11706
30019,1734
30021,9022
30023,9277
30025,3051
30027,11507
30029,90967
30031,90339
30033,1100
30035,13422
30037,769
30039,3083
30041,16157
30043,11360
30045,2052
30047,28794
30049,63432
30051,2326
30053,19594
30055,1808
30057,7688
30059,1900
30061,4203
30063,109402
30065,4597
30067,15655
30069,566
30071,4203
30073,6147
30075,1639
30077,7067
30079,1193
30081,40311
30083,9961
30085,10477
30087,9261
30089,11421
30091,3447
30093,34164
30095,9096
30097,3661
30099,6082
30101,5210
30103,698
30105,7423
30107,2142
30109,899
30111,148191
31001,31299
31003,6655
31005,490
31007,778
31009,584
31011,5473
31013,11345
31015,2025
31017,3183
31019,46330
31021,6829
31023,8345
31025,25214
31027,8807
31029,3964
31031,5722
31033,10038
31035,6497
31037,10453
31039,9140
31041,10904
31043,20869
31045,9176
31047,24267
31049,1962
31051,5982
31053,36590
31055,518271
31057,1996
31059,5867
31061,3196
31063,2693
31065,4922
31067,22209
31069,2011
31071,2106
31073,2020
31075,608
31077,2515
31079,58681
31081,9096
31083,3419
31085,1037
31087,2898
31089,10418
31091,689
31093,6294
31095,7572
31097,5188
31099,6514
31101,8284
31103,742
31105,3789
31107,8648
31109,286425
31111,36212
31113,724
31115,534
31117,348
31119,34766
31121,7779
31123,4993
31125,3730
31127,7224
31129,4490
31131,15729
31133,2753
31135,2947
31137,9184
31139,7231
31141,32195
31143,5371
31145,11013
31147,8355
31149,1540
31151,14278
31153,159413
31155,20696
31157,36835
31159,16729
31161,5432
31163,3133
31165,1262
31167,6139
31169,5195
31171,831
31173,6926
31175,4322
31177,20201
31179,9542
31181,3773
31183,725
31185,13727
32001,24779
32003,1954773
32005,47056
32007,49133
32009,916
32011,1809
32013,16511
32015,5751
32017,5282
32019,51797
32021,4718
32023,43801
32027,6707
32029,4010
32031,422010
32033,9967
32510,55184
33001,60206
33003,47761
33005,77106
33007,32872
33009,88985
33011,401101
33013,146742
33015,295872
33017,123295
33019,43534
34001,274402
34003,906781
34005,449117
34007,513660
34009,96987
34011,156864
34013,783840
34015,288187
34017,636194
34019,127996
34021,366442
34023,811064
34025,629263
34027,493472
34029,575961
34031,500168
34033,66007
34035,323650
34037,148962
34039,536383
34041,108488
35001,661924
35003,3686
35005,65343
35006,27293
35007,13614
35009,48101
35011,2069
35013,208794
35015,53693
35017,29602
35019,4655
35021,612
35023,4903
35025,64670
35027,20440
35028,18008
35029,25162
35031,71888
35033,4830
35035,64176
35037,8956
35039,40201
35041,19840
35043,131302
35045,128600
35047,29225
35049,144209
35051,11956
35053,17843
35055,32775
35057,16285
35059,4460
35061,76172
36001,304511
36003,48837
36005,1386364
36007,199928
36009,80166
36011,79996
36013,134599
36015,88779
36017,50490
36019,82054
36021,62881
36023,49453
36025,47851
36027,297291
36029,919542
36031,39309
36033,51698
36035,55358
36037,59992
36039,49122
36041,4835
36043,64475
36045,117011
36047,2512740
36049,27062
36051,65215
36053,72977
36055,744746
36057,50025
36059,1338712
36061,1596735
36063,215869
36065,234336
36067,466179
36069,107728
36071,372951
36073,42995
36075,122055
36077,62147
36079,99702
36081,2235008
36083,159464
36085,468374
36087,312011
36089,112060
36091,219832
36093,154466
36095,32617
36097,18472
36099,35306
36101,98992
36103,1492360
36105,77340
36107,51067
36109,101570
36111,182516
36113,65700
36115,63108
36117,93476
36119,950227
36121,42092
36123,25351
37001,151170
37003,37014
37005,11069
37007,26699
37009,27099
37011,17815
37013,47542
37015,21035
37017,34922
37019,107925
37021,239000
37023,90821
37025,178396
37027,82493
37029,9965
37031,66415
37033,23615
37035,154201
37037,63896
37039,27304
37041,14825
37043,10575
37045,97890
37047,57612
37049,102904
37051,319329
37053,23677
37055,34019
37057,162628
37059,41183
37061,58510
37063,269283
37065,56253
37067,351368
37069,60470
37071,206291
37073,12069
37075,8766
37077,59666
37079,21386
37081,489576
37083,54693
37085,115559
37087,58915
37089,106577
37091,24525
37093,47368
37095,5810
37097,159614
37099,39985
37101,169122
37103,10144
37105,57876
37107,59372
37109,78052
37111,44926
37113,33815
37115,20727
37117,24298
37119,926873
37121,15539
37123,27741
37125,88314
37127,95545
37129,203276
37131,21959
37133,176461
37135,133958
37137,13145
37139,40551
37141,52447
37143,13414
37145,39322
37147,167951
37149,20386
37151,141568
37153,46608
37155,133920
37157,93264
37159,138189
37161,67446
37163,63408
37165,36266
37167,60489
37169,47224
37171,73551
37173,13995
37175,32825
37177,4367
37179,201617
37181,45183
37183,905573
37185,20860
37187,13085
37189,51103
37191,122419
37193,69265
37195,81020
37197,38254
37199,17814
38001,2325
38003,11047
38005,6677
38007,838
38009,6449
38011,3154
38013,2011
38015,81941
38017,150240
38019,3974
38021,5280
38023,2095
38025,3648
38027,2393
38029,3544
38031,3368
38033,1646
38035,66890
38037,2380
38039,2393
38041,2502
38043,2426
38045,4141
38047,1972
38049,5478
38051,2813
38053,6692
38055,9020
38057,8400
38059,27439
38061,7830
38063,3115
38065,1875
38067,7383
38069,4378
38071,11450
38073,5498
38075,2468
38077,16295
38079,14015
38081,3876
38083,1282
38085,4193
38087,768
38089,24682
38091,1976
38093,20965
38095,2264
38097,8105
38099,11131
38101,62013
38103,4228
38105,23287
39001,28524
39003,106079
39005,53203
39007,101262
39009,64592
39011,45934
39013,70182
39015,44666
39017,368029
39019,28828
39021,39982
39023,138278
39025,197543
39027,42161
39029,107598
39031,36880
39033,43623
39035,1278024
39037,52776
39039,38975
39041,174454
39043,76952
39045,146138
39047,28931
39049,1167484
39051,42635
39053,30877
39055,93485
39057,161936
39059,40056
39061,801350
39063,75043
39065,31986
39067,15818
39069,28246
39071,43454
39073,29372
39075,42501
39077,59628
39079,33134
39081,69343
39083,60791
39085,229873
39087,62441
39089,166135
39091,45816
39093,301108
39095,441198
39097,43213
39099,238352
39101,66514
39103,172334
39105,23664
39107,40866
39109,102657
39111,14679
39113,535626
39115,15042
39117,34895
39119,85996
39121,14643
39123,41445
39125,19522
39127,36086
39129,55795
39131,28652
39133,161178
39135,42240
39137,34445
39139,124286
39141,77741
39143,60842
39145,79122
39147,56630
39149,49359
39151,375593
39153,541788
39155,209942
39157,92532
39159,52153
39161,28808
39163,13397
39165,213146
39167,61751
39169,114644
39171,37779
39173,126254
39175,22626
40001,22470
40003,5631
40005,14133
40007,5587
40009,22519
40011,10651
40013,42494
40015,29403
40017,116299
40019,47603
40021,47165
40023,15172
40025,2451
40027,256550
40029,5906
40031,123101
40033,6171
40035,14922
40037,69934
40039,27583
40041,41332
40043,4775
40045,4095
40047,60272
40049,27471
40051,52451
40053,4536
40055,6185
40057,2888
40059,3672
40061,12761
40063,13762
40065,26275
40067,6445
40069,10938
40071,46288
40073,14965
40075,9421
40077,11099
40079,50056
40081,34106
40083,41982
40085,9404
40087,34471
40089,33144
40091,20266
40093,7563
40095,15774
40097,41162
40099,13460
40101,70635
40103,11540
40105,10627
40107,12203
40109,721088
40111,39770
40113,47650
40115,31940
40117,16573
40119,77125
40121,45570
40123,37438
40125,69676
40127,11449
40129,3678
40131,87031
40133,25394
40135,41945
40137,44848
40139,20620
40141,7981
40143,602692
40145,73067
40147,51112
40149,11616
40151,8741
40153,20232
41001,16092
41003,85501
41005,377206
41007,37068
41009,49317
41011,62937
41013,21102
41015,22344
41017,158884
41019,107391
41021,1904
41023,7366
41025,7359
41027,22207
41029,203613
41031,21746
41033,82636
41035,66350
41037,7886
41039,351794
41041,45992
41043,116871
41045,31057
41047,315391
41049,11146
41051,737110
41053,75448
41055,1865
41057,25254
41059,75846
41061,25670
41063,6938
41065,25113
41067,531818
41069,1287
41071,99119
42001,101352
42003,1224772
42005,68942
42007,170614
42009,49680
42011,411094
42013,127133
42015,62628
42017,625485
42019,183946
42021,143305
42023,5058
42025,65101
42027,153758
42029,499548
42031,39991
42033,81668
42035,39261
42037,66984
42039,88492
42041,235314
42043,267891
42045,558874
42047,31981
42049,280181
42051,136914
42053,7664
42055,149554
42057,14829
42059,38614
42061,45931
42063,88648
42065,45051
42067,24664
42069,214353
42071,519913
42073,90885
42075,133578
42077,350165
42079,320555
42081,116447
42083,43451
42085,116474
42087,46694
42089,169346
42091,799886
42093,18243
42095,297519
42097,94441
42099,45791
42101,1525811
42103,57437
42105,17466
42107,147935
42109,39620
42111,77638
42113,6453
42115,43171
42117,42081
42119,44944
42121,54865
42123,41613
42125,207916
42127,52299
42129,364877
42131,28221
42133,434579
44001,49796
44003,166066
44005,82503
44007,627414
44009,126692
45001,25387
45003,160169
45005,10399
45007,187228
45009,15941
45011,22523
45013,162316
45015,179773
45017,15134
45019,352548
45021,55351
45023,33028
45025,46462
45027,34746
45029,38665
45031,68500
45033,31733
45035,136836
45037,26763
45039,23804
45041,136714
45043,60285
45045,452931
45047,69531
45049,20987
45051,270943
45053,24792
45055,61583
45057,76364
45059,66623
45061,19160
45063,262424
45065,10140
45067,33038
45069,28750
45071,37432
45073,74038
45075,92229
45077,119167
45079,384596
45081,19758
45083,284540
45085,107279
45087,28804
45089,34361
45091,226576
46003,2726
46005,17372
46007,3432
46009,7041
46011,31973
46013,36562
46015,5236
46017,1950
46019,10122
46021,1419
46023,9127
46025,3653
46027,13966
46029,27284
46031,4046
46033,8219
46035,19513
46037,5673
46039,4376
46041,5358
46043,2992
46045,4050
46047,7028
46049,2374
46051,7324
46053,4251
46055,1852
46057,5875
46059,3394
46061,3366
46063,1367
46065,17064
46067,7283
46069,1437
46071,3067
46073,2047
46075,1084
46077,5159
46079,11364
46081,24063
46083,45055
46085,3752
46087,5592
46089,2485
46091,4631
46093,25456
46095,2057
46097,2365
46099,170342
46101,6474
46103,101240
46105,2890
46107,2327
46109,10158
46111,2357
46113,13683
46115,6483
46117,2940
46119,1382
46121,9711
46123,5608
46125,8344
46127,14377
46129,5443
46135,22434
46137,2796
47001,75039
47003,45060
47005,16420
47007,12898
47009,123086
47011,99229
47013,40629
47015,13797
47017,28486
47019,57531
47021,39103
47023,17043
47025,32025
47027,7842
47029,35631
47031,52853
47033,14567
47035,56144
47037,629113
47039,11732
47041,18770
47043,49704
47045,38234
47047,38370
47049,17945
47051,40972
47053,49594
47055,29439
47057,22613
47059,68755
47061,13751
47063,62528
47065,337023
47067,6759
47069,27193
47071,25987
47073,56725
47075,18673
47077,27835
47079,32271
47081,24481
47083,8375
47085,18428
47087,11526
47089,51541
47091,18199
47093,433207
47095,7780
47097,27772
47099,41779
47101,12050
47103,33295
47105,48586
47107,52325
47109,26001
47111,22265
47113,97976
47115,28184
47117,30585
47119,80965
47121,11696
47123,44680
47125,173138
47127,6349
47129,21882
47131,31721
47133,22040
47135,7856
47137,5108
47139,16756
47141,72172
47143,31817
47145,54027
47147,66143
47149,263815
47151,22196
47153,14173
47155,90218
47157,929437
47159,19157
47161,13262
47163,156675
47165,161206
47167,61038
47169,7827
47171,18287
47173,19179
47175,5552
47177,39767
47179,122840
47181,17015
47183,34802
47185,25863
47187,184225
47189,114618
48001,58269
48003,15006
48005,86550
48007,23391
48009,8944
48011,1820
48013,45091
48015,28372
48017,7096
48019,20477
48021,74023
48023,3706
48025,32083
48027,310155
48029,1719902
48031,10425
48033,642
48035,18114
48037,92460
48039,313813
48041,194087
48043,9175
48045,1674
48047,7236
48049,38018
48051,17160
48053,42946
48055,38152
48057,21366
48059,13521
48061,405819
48063,12389
48065,6215
48067,30324
48069,7984
48071,34562
48073,50690
48075,7047
48077,10718
48079,3087
48081,3298
48083,8817
48085,788580
48087,3050
48089,20784
48091,108985
48093,13875
48095,4073
48097,38427
48099,75728
48101,1600
48103,4359
48105,3669
48107,6100
48109,2386
48111,6734
48113,2379214
48115,13761
48117,19275
48119,5240
48121,667934
48123,20156
48125,2399
48127,10054
48129,3652
48131,11821
48133,18519
48135,138193
48137,2023
48139,149712
48141,801115
48143,38192
48145,17756
48147,33867
48149,24557
48151,3963
48153,6439
48155,1273
48157,587666
48159,10593
48161,19631
48163,17265
48165,17572
48167,292874
48169,6295
48171,24777
48173,1255
48175,7223
48177,19773
48179,22731
48181,120641
48183,121451
48185,26564
48187,131945
48189,36153
48191,3337
48193,8448
48195,5556
48197,4124
48199,54497
48201,4101752
48203,65958
48205,6015
48207,5891
48209,158464
48211,3863
48213,78558
48215,774820
48217,35079
48219,22988
48221,51161
48223,35088
48225,23512
48227,34927
48229,3407
48231,85955
48233,21992
48235,1596
48237,9027
48239,14075
48241,35703
48243,2319
48245,251627
48247,5257
48249,41014
48251,151174
48253,20137
48255,14936
48257,103385
48259,33745
48261,451
48263,829
48265,49469
48267,4577
48269,227
48271,3574
48273,31925
48275,3713
48277,49740
48279,13996
48281,19837
48283,6850
48285,19269
48287,16591
48289,16827
48291,75662
48293,23350
48295,3324
48297,11526
48299,19115
48301,85
48303,278339
48305,5886
48307,8281
48309,234626
48311,696
48313,13590
48315,10544
48317,4804
48319,3978
48321,36653
48323,54107
48325,46009
48327,2232
48329,138472
48331,24691
48333,4880
48335,9367
48337,19737
48339,458339
48341,21765
48343,12914
48345,1153
48347,64647
48349,47739
48351,14372
48353,15104
48355,340568
48357,10314
48359,2048
48361,82306
48363,28010
48365,23814
48367,116820
48369,10172
48371,15510
48373,45618
48375,121099
48377,7678
48379,10976
48381,121090
48383,3384
48385,3326
48387,12795
48389,13606
48391,7352
48393,992
48395,16596
48397,78749
48399,10473
48401,53211
48403,10642
48405,8898
48407,26482
48409,65352
48411,6037
48413,3327
48415,16855
48417,3346
48419,25602
48421,3040
48423,209691
48425,8444
48427,60882
48429,9561
48431,1223
48433,1447
48435,4123
48437,7816
48439,1814667
48441,131425
48443,1001
48445,12561
48447,1626
48449,32045
48451,110434
48453,1034842
48455,14466
48457,21638
48459,39386
48461,3300
48463,26434
48465,48578
48467,52507
48469,87188
48471,67447
48473,42894
48475,10705
48477,33628
48479,250320
48481,41153
48483,5414
48485,131019
48487,13451
48489,21983
48491,426296
48493,42999
48495,7137
48497,59351
48499,41927
48501,7918
48503,18368
48505,14014
48507,11753
49001,6527
49003,49660
49005,112095
49007,21153
49009,897
49011,306664
49013,18537
49015,10902
49017,5107
49019,9183
49021,45984
49023,10233
49025,7093
49027,12436
49029,9485
49031,1699
49033,2264
49035,1032226
49037,14707
49039,27645
49041,20759
49043,36598
49045,58158
49047,32809
49049,516571
49051,23661
49053,139484
49055,2756
49057,230940
50001,36814
50003,36990
50005,31170
50007,156696
50009,6316
50011,47853
50013,7032
50015,24471
50017,28980
50019,27198
50021,61599
50023,59462
50025,44310
50027,56607
51001,33454
51003,99484
51005,16297
51007,12674
51009,32301
51011,14952
51013,209077
51015,73662
51017,4713
51019,68750
51021,6827
51023,33074
51025,17372
51027,24071
51029,17071
51031,54797
51033,28510
51035,29989
51036,7226
51037,12546
51041,316895
51043,14143
51045,5186
51047,46894
51049,9951
51051,15877
51053,27926
51057,11130
51059,1083770
51061,65495
51063,15268
51065,25749
51067,56012
51069,78397
51071,17149
51073,36821
51075,21496
51077,15535
51079,18453
51081,12127
51083,36140
51085,99964
51087,307576
51089,53971
51091,2317
51093,35240
51095,66939
51097,6968
51099,23739
51101,15861
51103,11371
51105,25528
51107,314980
51109,33083
51111,12838
51113,13270
51115,8965
51117,32548
51119,10855
51121,94179
51125,15000
51127,18460
51131,12408
51133,12389
51135,15875
51137,33625
51139,24038
51141,18513
51143,63318
51145,28003
51147,23017
51149,36013
51153,404011
51155,34869
51157,7440
51159,9234
51161,92432
51163,22357
51165,76353
51167,28773
51169,23061
51171,42076
51173,32103
51175,18576
51177,122854
51179,129446
51181,6988
51183,12095
51185,44846
51187,37567
51191,54691
51193,17468
51195,41361
51197,29203
51199,65503
51510,140337
51515,6103
51520,17747
51530,6679
51540,43223
51550,223233
51570,17426
51580,5903
51590,43185
51595,5825
51600,22712
51610,12300
51620,8531
51630,24932
51640,6942
51650,137471
51660,49043
51670,22501
51678,6990
51680,75657
51683,37943
51685,14409
51690,13854
51700,180831
51710,243056
51720,3971
51730,32226
51735,12110
51740,95786
51750,16511
51760,205348
51770,96742
51775,24792
51790,23906
51800,84216
51810,439528
51820,21030
51830,14207
51840,26330
53001,18575
53003,21658
53005,175424
53007,72431
53009,71411
53011,426984
53013,4001
53015,102138
53017,38369
53019,7584
53021,78680
53023,2246
53025,88885
53027,72272
53029,78707
53031,29802
53033,1940777
53035,251400
53037,40954
53039,20421
53041,75399
53043,10536
53045,60545
53047,40959
53049,20945
53051,12976
53053,798528
53055,15740
53057,117087
53059,11053
53061,714443
53063,470375
53065,43498
53067,252410
53069,4003
53071,58643
53073,201404
53075,44997
53077,242454
54001,16472
54003,104410
54005,24617
54007,14531
54009,24021
54011,96240
54013,7613
54015,9432
54017,8147
54019,46000
54021,8623
54023,11929
54025,35572
54027,23791
54029,30594
54031,13912
54033,68959
54035,29206
54037,53545
54039,192572
54041,16389
54043,21714
54045,36508
54047,21966
54049,56460
54051,32993
54053,27242
54055,62251
54057,28049
54059,26660
54061,96417
54063,13528
54065,17507
54067,26201
54069,44307
54071,7666
54073,7630
54075,8750
54077,33471
54079,55660
54081,78852
54083,29361
54085,10391
54087,14884
54089,13813
54091,16889
54093,7109
54095,9188
54097,24210
54099,42273
54101,9158
54103,16526
54105,5769
54107,86835
54109,23668
55001,20898
55003,16113
55005,45882
55007,15078
55009,248526
55011,13544
55013,15528
55015,48960
55017,62362
55019,34610
55021,56596
55023,16677
55025,490379
55027,88741
55029,27872
55031,43963
55033,43788
55035,98952
55037,4486
55039,101577
55041,9361
55043,51055
55045,36800
55047,19064
55049,23712
55051,5978
55053,20436
55055,83751
55057,26701
55059,166373
55061,20600
55063,114718
55065,16836
55067,19951
55069,28710
55071,81266
55073,134041
55075,41704
55077,15366
55078,4274
55079,946584
55081,44714
55083,37632
55085,36029
55087,176777
55089,86429
55091,7458
55093,40842
55095,44094
55097,70027
55099,14141
55101,195024
55103,18020
55105,160356
55107,14670
55109,84363
55111,61953
55113,16580
55115,41820
55117,115377
55119,20631
55121,28853
55123,29827
55125,21489
55127,102310
55129,15893
55131,131840
55133,389740
55135,52377
55137,24565
55139,166984
55141,74591
56001,36186
56003,11636
56005,45840
56007,15781
56009,13779
56011,7036
56013,40103
56015,13277
56017,4791
56019,8564
56021,91719
56023,17960
56025,75876
56027,2478
56029,28203
56031,8677
56033,29097
56035,10065
56037,43890
56039,21326
56041,20942
56043,8425
56045,7152
